1,-0.0207792,0.4259739
2,-0.09350653,0.8
3,0.1610391,0.8
4,-0.06753213,0.8
5,-0.06753213,0.8
6,-0.08311682,0.8
7,-0.04155841,0.8
8,-0.0207792,0.8
9,-0.1402597,0.8
10,-0.1506494,0.8
11,-0.1766233,0.8
12,-0.2441559,0.8
13,-0.2805195,0.8
14,0.1142857,0.75
15,0.1662334,0.75
16,0.1535553,0.75
17,0.1499232,0.75
18,0.04385262,0.75
19,-0.06780476,0.75
20,-0.1869752,0.75
21,-0.01038993,0.75
22,-0.07792251,0.75
23,-0.0675328,0.75
24,-0.03116913,0.75
25,-0.02597438,0.75
26,-0.005195182,0.75
27,0.03116847,0.75
28,-0.02597438,0.75
29,-0.2597406,0.75
30,-0.3116887,0.75
31,-0.3116887,0.75
32,-0.3064939,0.75
33,-0.2961042,0.75
34,-0.1142857,0.75
35,0.09870106,0.75
36,0,0
37,0,0
38,-0.02597394,0.4727269
39,-0.1454542,0.75
40,-0.03636366,0.75
41,0.03116891,0.75
42,0.07792205,0.75
43,0.07272732,0.75
44,0.05714285,0.75
45,0.05714285,0.75
46,-0.2337662,0.75
47,-0.2545454,0.75
48,0.08831177,0.5558455
49,0.07272732,0.75
50,0.07272732,0.75
51,0.06753258,0.75
52,0.03116891,0.75
53,-0.05194811,0.75
54,-0.103896,0.75
55,-0.1298702,0.75
56,-0.1506494,0.75
57,-0.2077923,0.75
58,-0.2597404,0.75
59,-0.2649351,0.75
60,-0.2649351,0.75
61,-0.2649351,0.75
62,-0.2649351,0.75
63,-0.2649351,0.75
64,-0.2649351,0.75
65,-0.05714285,0.6805195
66,-0.1506496,0.75
67,-0.1402601,0.75
68,-0.1246756,0.75
69,-0.1506496,0.75
70,-0.1558446,0.75
71,-0.1558446,0.75
72,-0.1454548,0.75
73,-0.09870171,0.75
74,-0.07792251,0.75
75,-0.1714285,0.75
76,-0.275325,0.75
77,-0.275325,0.75
78,-0.275325,0.75
79,-0.1870133,0.75
80,0.03116847,0.75
81,0,0
82,0.02597438,0.75
83,0.09867559,0.75
84,0.05139101,0.75
85,0.01886737,0.75
86,0.009505724,0.75
87,-0.0190834,0.75
88,-0.1001101,0.75
89,-0.146805,0.75
90,-0.1562405,0.75
91,-0.1562405,0.75
92,-0.1562405,0.75
93,-0.1797988,0.75
94,-0.1845047,0.75
95,-0.1892091,0.75
96,-0.06753235,0.75
97,-0.1090905,0.75
98,-0.1298702,0.75
99,-0.1766233,0.75
100,-0.1870131,0.75
101,-0.1870131,0.75
102,-0.1506494,0.75
103,-0.08831156,0.75
104,0.005195181,0.75
105,0.05194811,0.75
106,0.02597417,0.75
107,-0.07792205,0.75
108,-0.1922078,0.75
109,-0.2174677,0.75
110,-0.2174677,0.75
111,-0.2174677,0.75
112,-0.2226047,0.75
113,-0.2226047,0.75
114,0.0207792,0.75
115,-0.0915882,0.75
116,-0.1069782,0.75
117,-0.09356729,0.75
118,-0.07999638,0.75
119,-0.06664302,0.75
120,-0.02403728,0.75
121,-0.03365082,0.75
122,-0.1583354,0.75
123,-0.3382082,0.75
124,-0.391623,0.75
125,-0.391623,0.75
126,-0.251623,0.75
127,-0.2969035,0.75
128,-0.2969035,0.75
129,0.1558441,0.75
130,0.04526455,0.75
131,0.01491031,0.75
132,0.005194746,0.4
133,-0.1246754,0.75
134,-0.03578367,0.75
135,-0.05153549,0.75
136,-0.0207792,0.75
137,-0.005194528,0.75
138,0.02597394,0.75
139,0.04155841,0.75
140,0.05194833,0.75
141,0.03116913,0.75
142,-0.07792205,0.75
143,-0.3599401,0.75
144,-0.3808962,0.75
145,-0.4134205,0.75
146,-0.4231003,0.75
147,-0.3199284,0.75
148,-0.1723529,0.75
149,0,0
150,-0.05194811,0.75
151,-0.06753258,0.75
152,-0.05194811,0.75
153,-0.04675336,0.75
154,-0.04155841,0.75
155,-0.03636366,0.75
156,-0.212987,0.75
157,-0.3584416,0.75
158,-0.3532469,0.75
159,-0.3168832,0.75
160,-0.212987,0.75
161,-0.04675336,0.75
162,0.01038949,0.75
163,0.02597394,0.75
164,-0.03636366,0.75
165,-0.1246754,0.75
166,0,0
167,0,0
168,0.01558402,0.75
169,0.1142857,0.75
170,0.04675292,0.75
171,0.005194528,0.75
172,0.005194529,0.75
173,-0.05714285,0.75
174,-0.2649351,0.75
175,-0.2545458,0.75
176,-0.2389614,0.75
177,-0.1974029,0.75
178,-0.1298704,0.75
179,1.11E-17,0.1818185
180,-0.0207792,0.75
181,-0.03636322,0.75
182,-0.03116869,0.75
183,-0.04155841,0.75
184,-0.05194788,0.75
185,-0.09350652,0.75
186,-0.2077923,0.75
187,-0.2493506,0.75
188,-0.2805193,0.75
189,-0.2441554,0.75
190,-0.212987,0.75
191,-0.1766233,0.75
192,-0.1246752,0.75
193,-0.05194788,0.75
194,0.03636366,0.75
195,0,0
196,0,0
197,0,0
198,-0.02597438,0.75
199,-0.03116913,0.75
200,-0.04155884,0.75
201,-0.05194833,0.75
202,-0.05194833,0.75
203,-0.05194833,0.75
204,-0.09870171,0.75
205,-0.2389614,0.75
206,-0.2337666,0.75
207,-0.2181822,0.75
208,-0.2025977,0.75
209,-0.166234,0.75
210,-0.1402601,0.75
211,-0.04675359,0.75
212,-0.05194833,0.75
213,-0.07792205,0.75
214,0,0
215,0,0
216,-0.01038971,0.09870171
217,0.01558467,0.75
218,0.01038949,0.75
219,-0.02597417,0.75
220,-0.06753258,0.75
221,-0.2701301,0.75
222,-0.07272732,0.75
223,-0.06753258,0.75
224,-0.1874409,0.75
225,-0.1924591,0.75
226,-0.2212458,0.75
227,-0.3231506,0.75
228,-0.32256,0.75
229,-0.2648563,0.75
230,-0.2060634,0.75
231,-0.1600481,0.75
232,0.03116891,0.75
233,0.1558441,0.75
234,0.08361469,0.75
235,0.04437203,0.75
236,0.004960251,0.75
237,-0.1981815,0.75
238,-0.2477781,0.75
239,-0.3143173,0.75
240,-0.3227208,0.75
241,-0.3220961,0.75
242,-0.3214739,0.75
243,-0.1503299,0.75
244,-0.03578367,0.75
245,-0.05668645,0.75
246,-0.0246756,0.75
247,-0.008818,0.75
248,0,0
249,-0.08831132,0.75
250,-0.2597404,0.75
251,-0.1442678,0.75
252,-0.1121915,0.75
253,-0.1175167,0.75
254,-0.1231246,0.75
255,-0.1246752,0.75
256,-0.103896,0.75
257,-0.07793475,0.75
258,-0.07808683,0.75
259,-0.08328675,0.75
260,-0.1034612,0.75
261,-0.138401,0.75
262,-0.3008284,0.75
263,-0.3415935,0.75
264,-0.3415935,0.75
265,-0.3088403,0.75
266,0.1142857,0.75
267,0.2285714,0.75
268,0.3168832,0.75
269,-0.03636366,0.75
270,-0.005165003,0.75
271,-0.1122463,0.75
272,-0.10388,0.75
273,-0.1042735,0.75
274,-0.1050696,0.75
275,-0.05812357,0.75
276,-0.0583496,0.75
277,-0.106906,0.75
278,-0.1939661,0.75
279,-0.3047281,0.75
280,-0.3481371,0.75
281,-0.424283,0.75
282,-0.4164939,0.75
283,0.08633046,0.75
284,0.3188043,0.75
285,0,0
286,-0.04155883,0.75
287,1.10E-16,0.75
288,-0.01038993,0.75
289,-0.05714285,0.75
290,-0.0675328,0.75
291,-0.1246756,0.75
292,-0.1714286,0.75
293,-0.2389614,0.75
294,-0.2389614,0.75
295,-0.2181822,0.75
296,-0.1350653,0.75
297,-0.1350654,0.75
298,-0.1610393,0.75
299,-0.166234,0.75
300,-0.166234,0.75
301,-0.05714285,0.75
302,0,0
303,0,0
304,-0.005194746,0.75
305,-0.1194805,0.75
306,-0.09870125,0.75
307,-0.05714285,0.75
308,-0.04155841,0.75
309,-0.04155841,0.75
310,-0.0623376,0.75
311,-0.09350652,0.75
312,-0.2285714,0.75
313,-0.3064935,0.75
314,-0.3116883,0.75
315,-0.316883,0.75
316,-0.316883,0.75
317,0.1766238,0.75
318,-0.06753235,0.75
319,-0.01439479,0.75
320,-0.01442247,0.75
321,0.02431805,0.75
322,0.02450876,0.75
323,0.02460524,0.75
324,0.02470249,0.75
325,-0.02981883,0.75
326,-0.2656249,0.75
327,-0.2854198,0.75
328,-0.2854198,0.75
329,-0.2854198,0.75
330,-0.2854198,0.75
331,-0.1820706,0.75
332,-0.04563124,0.75
333,0.03042379,0.75
334,0.02530248,0.75
335,-0.02597394,0.75
336,0.1506494,0.75
337,0.0734976,0.75
338,0.05465889,0.75
339,0.03991503,0.75
340,-0.1568613,0.75
341,-0.2444029,0.75
342,-0.2535872,0.75
343,-0.2535872,0.75
344,-0.2535872,0.75
345,-0.2535872,0.75
346,-0.2535872,0.75
347,-0.2535872,0.75
348,-0.2535872,0.75
349,-0.07995897,0.75
350,-0.01499977,0.75
351,0,0
352,0,0
353,0.01502983,0.75
354,-0.06753235,0.7480512
355,-0.06623116,0.75
356,-0.06682104,0.75
357,-0.06754292,0.75
358,-0.05433495,0.75
359,-0.05453243,0.75
360,-0.05017238,0.75
361,-0.1508237,0.75
362,-0.3491096,0.75
363,-0.3903726,0.75
364,-0.3815083,0.75
365,-0.234205,0.75
366,-0.07895675,0.75
367,0.06084349,0.75
368,0.03258571,0.75
369,-0.03222531,0.75
370,-0.1246754,0.75
371,-0.06034432,0.75
372,-0.05531846,0.75
373,-0.05111412,0.75
374,-0.03600452,0.75
375,-0.03116891,0.75
376,-0.03116891,0.75
377,-0.07272732,0.75
378,-0.2233767,0.75
379,-0.3584416,0.75
380,-0.3636364,0.75
381,-0.3636364,0.75
382,0.1506494,0.75
383,0.4103895,0.75
384,0.3792208,0.75
385,0.2077923,0.75
386,-0.1610386,0.75
387,-0.09870125,0.75
388,-0.09870125,0.75
389,-0.09870125,0.75
390,-0.09870125,0.75
391,-0.09870125,0.75
392,-0.05714285,0.75
393,0.109091,0.75
394,0.1402597,0.75
395,-0.01038971,0.75
396,-0.01038971,0.75
397,-0.5246756,0.75
398,-0.5558441,0.75
399,-0.5454547,0.75
400,-0.4027274,0.75
401,0,0.75
402,0.08311659,0.75
403,0,0
404,0,0
405,0.03116891,0.75
406,0.1046986,0.75
407,0.05588036,0.75
408,0.04591074,0.75
409,-0.06698613,0.75
410,-0.2016229,0.75
411,-0.2174677,0.75
412,-0.2277394,0.75
413,-0.2277394,0.75
414,-0.2277394,0.75
415,-0.2277394,0.75
416,-0.2277394,0.75
417,-0.2277394,0.75
418,-0.2277394,0.75
419,-0.2277394,0.75
420,-0.109091,0.75
421,-0.0207792,0.75
422,0.01999934,0.75
423,0.02020134,0.75
424,-0.01018288,0.75
425,-0.02550881,0.75
426,-0.1697107,0.75
427,-0.2715788,0.75
428,-0.3220367,0.75
429,-0.3263999,0.75
430,-0.2375098,0.75
431,-0.1402597,0.75
432,-0.09350652,0.75
433,-0.09350652,0.75
434,-0.1038958,0.75
435,-0.109091,0.75
436,0,0
437,-0.02597417,0.75
438,0.05714285,0.75
439,0.05194833,0.75
440,0.03636366,0.75
441,0.03636366,0.75
442,-0.07272732,0.75
443,-0.2857143,0.75
444,-0.3215742,0.75
445,-0.3107244,0.75
446,0.01038949,0.75
447,0.166234,0.75
448,0.2441561,0.75
449,0.01552791,0.75
450,-0.2990423,0.75
451,-0.3131452,0.75
452,-0.04675359,0.75
453,0.03116847,0.75
454,-0.02582542,0.75
455,-0.02582542,0.75
456,-0.0466727,0.75
457,-0.166234,0.75
458,-0.2181822,0.75
459,-0.2181822,0.75
460,-0.1870133,0.75
461,-0.1402601,0.75
462,-0.1506494,0.75
463,-0.1558446,0.75
464,-0.1194809,0.75
465,0.01038927,0.75
466,-0.01558467,0.75
467,0,0
468,0,0
469,-0.0675328,0.75
470,0.07272687,0.75
471,0.06058795,0.75
472,1.53E-16,0.75
473,-0.04114707,0.75
474,-0.1233068,0.75
475,-0.1233068,0.75
476,-0.1181808,0.75
477,-0.09310306,0.75
478,-0.1085933,0.75
479,-0.2123281,0.75
480,-0.2635951,0.75
481,-0.2738108,0.75
482,-0.2891078,0.75
483,-0.2941995,0.75
484,0.03636366,0.75
485,0.02571872,0.75
486,-0.0814229,0.75
487,-0.08650631,0.75
488,-0.09666899,0.75
489,-0.232257,0.75
490,-0.2711189,0.75
491,-0.2711189,0.75
492,-0.2135031,0.75
493,0.05714285,0.75
494,0.109091,0.75
495,-0.1169796,0.75
496,-0.2580946,0.75
497,-0.3447146,0.75
498,-0.3488052,0.75
499,-0.3488052,0.75
500,0,0
501,0,0.75
502,-0.04155841,0.75
503,-0.1169796,0.75
504,-0.09706373,0.75
505,-0.08739475,0.75
506,-0.08739475,0.75
507,-0.08739475,0.75
508,-0.08757476,0.75
509,-0.08757476,0.75
510,-0.1968917,0.75
511,-0.2941992,0.75
512,-0.2845962,0.75
513,-0.0743741,0.75
514,0.08311682,0.75
515,0.1480523,0.75
516,-0.1084416,0.75
517,0.1835524,0.75
518,-0.4078478,0.75
519,-0.08311682,0.6285715
520,-0.4623376,0.75
521,-0.5493438,0.75
522,-0.5493438,0.75
523,-0.5746,0.75
524,-0.5837619,0.75
525,-0.570478,0.75
526,-0.5440455,0.75
527,-0.5440455,0.75
528,0.06233761,0.612987
529,0.1428958,0.75
530,0.1274333,0.75
531,0.1279157,0.75
532,0.1050696,0.75
533,-0.04285096,0.75
534,-0.04285096,0.75
535,-0.1042735,0.75
536,-0.1274335,0.75
537,-0.1591513,0.75
538,-0.07792205,0.75
539,0.1122464,0.75
540,0.02319041,0.75
541,0.01855235,0.75
542,-0.009327991,0.75
543,-0.199179,0.75
544,-0.2129773,0.75
545,-0.2175729,0.75
546,-0.1945752,0.75
547,-0.1498241,0.75
548,-0.14543,0.75
549,-0.1547777,0.75
550,-0.1591512,0.75
551,-0.1591512,0.75
552,-0.1591512,0.75
553,-0.1588543,0.75
554,-0.1397067,0.75
555,-0.1253069,0.75
556,-0.1294554,0.75
557,0,0
558,0,0
559,-0.2857143,0.75
560,0.04675314,0.75
561,-0.1214518,0.75
562,-0.1662973,0.75
563,-0.1913661,0.75
564,-0.1917414,0.75
565,-0.1830392,0.75
566,-0.06196418,0.75
567,-0.005194528,0.75
568,-0.1079241,0.75
569,-0.1835524,0.75
570,-0.232725,0.75
571,-0.2377389,0.75
572,-0.2377389,0.75
573,-0.2377389,0.75
574,-0.2377389,0.75
575,-0.09870125,0.75
576,-0.03636366,0.75
577,-0.04675315,0.75
578,-0.06753213,0.75
579,-0.103896,0.75
580,-0.1974026,0.75
581,-0.2441559,0.75
582,-0.2441559,0.75
583,-0.1714286,0.75
584,-0.03636366,0.75
585,-0.06753213,0.75
586,-0.124675,0.75
587,-0.1922078,0.75
588,-0.2389607,0.75
589,-0.2545454,0.75
590,-0.2597399,0.75
591,-0.06753235,0.75
592,-0.0207792,0.75
593,-0.03116869,0.75
594,-0.03636322,0.75
595,-0.05714285,0.75
596,-0.1922078,0.75
597,-0.2441555,0.75
598,-0.2285714,0.75
599,-0.1974026,0.75
600,-0.1974026,0.75
601,-0.1246752,0.75
602,-0.1246752,0.75
603,-0.1506494,0.75
604,-0.1558441,0.75
605,-0.1558441,0.75
606,-0.1610389,0.75
607,-0.1818181,0.75
608,0,0
609,0,0
610,0,0
611,-0.1142857,0.75
612,-0.09932522,0.75
613,-0.1241014,0.75
614,-0.1245955,0.75
615,-0.1556333,0.75
616,-0.2601493,0.75
617,-0.2650966,0.75
618,-0.2457795,0.75
619,-0.1581693,0.75
620,-0.0514295,0.75
621,-0.06698635,0.75
622,-0.1225519,0.75
623,-0.1898313,0.75
624,-0.1944096,0.75
625,-0.1944096,0.75
626,-0.1944096,0.75
627,-0.239376,0.75
628,0,0
629,0,0
630,-0.02597438,0.75
631,0.01919308,0.75
632,0.01897457,0.75
633,0.01904684,0.75
634,0.01915631,0.75
635,0.01439479,0.75
636,-0.1212168,0.75
637,-0.1691852,0.75
638,-0.1595578,0.75
639,-0.1595578,0.75
640,-0.2311148,0.75
641,-0.3341615,0.75
642,-0.3388481,0.75
643,-0.3528861,0.75
644,-0.3568843,0.75
645,-0.3468994,0.75
646,-0.1982377,0.75
647,-0.07999693,0.75
648,1.53E-16,0.75
649,0.04698384,0.75
650,0.08437967,0.75
651,0.01558402,0.75
652,0.1640554,0.75
653,0.1592504,0.75
654,0.06833346,0.75
655,-0.24488,0.75
656,-0.2453583,0.75
657,-0.2502165,0.75
658,-0.2550726,0.75
659,-0.2555714,0.75
660,-0.2555714,0.75
661,-0.2555714,0.75
662,-0.2555714,0.75
663,-0.2555714,0.75
664,-0.2555714,0.75
665,-0.2555714,0.75
666,-0.08427775,0.75
667,0.07481676,0.75
668,0.04490262,0.75
669,0,0
670,0,0
671,0,0
672,-0.01038971,0.2961033
673,0.05714285,0.75
674,0.03116913,0.75
675,0.03116913,0.75
676,0.03116913,0.75
677,0.03116913,0.75
678,0.03116913,0.75
679,0.03116913,0.75
680,0.03116913,0.75
681,0.03116913,0.75
682,0.03116913,0.75
683,0.03116913,0.75
684,0.03116913,0.75
685,0.03116913,0.75
686,-0.02597373,0.75
687,-0.01038971,0.75
688,-0.01038971,0.75
689,-0.07792205,0.75
690,-0.233766,0.75
691,-0.3310872,0.75
692,-0.1558446,0.75
693,-0.1189133,0.75
694,-0.1194065,0.75
695,-0.1090912,0.75
696,-0.1090912,0.75
697,-0.09350652,0.75
698,-0.07792251,0.75
699,-0.07272753,0.75
700,-0.1402601,0.75
701,-0.3688315,0.75
702,-0.3740263,0.75
703,-0.353247,0.75
704,-0.08311725,0.75
705,0.2025971,0.75
706,0.2389607,0.75
707,-0.09847165,0.75
708,-0.3782482,0.75
709,-0.3774955,0.75
710,0,0
711,0,0
712,-0.04675359,0.75
713,0.1473621,0.75
714,0.100879,0.75
715,0.05789927,0.75
716,0.01456249,0.75
717,-0.02431825,0.75
718,-0.09234976,0.75
719,0.1194805,0.6285715
720,0.03116891,0.75
721,0.0207792,0.75
722,-0.005194746,0.75
723,-0.005194746,0.75
724,-0.08831177,0.75
725,-0.2441559,0.75
726,-0.2701299,0.75
727,-0.2649351,0.75
728,-0.124675,0.75
729,-0.09350652,0.75
730,-0.1766233,0.75
731,-0.2025975,0.75
732,-0.2077923,0.75
733,-0.2337662,0.75
734,-0.2025975,0.75
735,-0.109091,0.75
736,0,0
737,0,0
738,-0.09350652,0.4831169
739,-0.03723979,0.75
740,-0.05606062,0.75
741,-0.06601474,0.75
742,-0.04761007,0.75
743,-0.04301457,0.75
744,-0.04301457,0.75
745,-0.04326266,0.75
746,-0.1058779,0.75
747,-0.1205161,0.75
748,-0.2068177,0.75
749,-0.274493,0.75
750,-0.3373528,0.75
751,-0.3515307,0.75
752,-0.3278823,0.75
753,-0.1179785,0.75
754,-0.04929971,0.75
755,-0.05938911,0.75
756,0,0
757,0,0
758,-0.07792184,0.75
759,-0.02371822,0.75
760,-0.02371822,0.75
761,-0.0240838,0.75
762,-0.02413028,0.75
763,-0.01930423,0.75
764,-0.05789967,0.75
765,-0.1746694,0.75
766,-0.1895117,0.75
767,-0.1850381,0.75
768,-0.1898798,0.75
769,-0.2092245,0.75
770,-0.2092245,0.75
771,-0.2092245,0.75
772,-0.2092245,0.75
773,-0.2092245,0.75
774,-0.2333516,0.75
775,0,0
776,0,0
777,0,0
778,-0.05714285,0.75
779,0.09149912,0.75
780,-0.003974512,0.75
781,-0.06017517,0.75
782,-0.1942164,0.75
783,-0.210291,0.75
784,-0.2310908,0.75
785,-0.2351098,0.75
786,-0.2193789,0.75
787,-0.1717245,0.75
788,-0.1232053,0.75
789,-0.1600327,0.75
790,-0.2042328,0.75
791,-0.1277207,0.75
792,0.0639722,0.75
793,0.1370151,0.75
794,0.08412767,0.75
795,-0.2353286,0.75
796,0,0
797,-0.08831177,0.75
798,-0.004672639,0.75
799,-0.02185206,0.75
800,-0.008787375,0.75
801,-0.008802846,0.75
802,-0.008802846,0.75
803,-0.04874959,0.75
804,-0.195825,0.75
805,-0.2412389,0.75
806,-0.2412389,0.75
807,-0.2412389,0.75
808,-0.2412389,0.75
809,-0.2412389,0.75
810,-0.2412389,0.75
811,-0.2275462,0.75
812,-0.1159465,0.75
813,0.09778986,0.75
814,0,0
815,0,0
816,0,0
817,-0.2736946,0.75
818,-0.09350673,0.75
819,-0.0617685,0.75
820,-0.07910404,0.75
821,-0.06564364,0.75
822,-0.0658907,0.75
823,-0.05658963,0.75
824,-0.05187563,0.75
825,-0.05187563,0.75
826,-0.05187563,0.75
827,-0.05669654,0.75
828,-0.2173901,0.75
829,-0.2791953,0.75
830,-0.2791953,0.75
831,-0.2791953,0.75
832,-0.2745206,0.75
833,-0.07572318,0.75
834,-0.07572318,0.75
835,0,0
836,0,0
837,-0.1714286,0.75
838,-0.08783638,0.75
839,-0.08892678,0.75
840,-0.102478,0.75
841,-0.1028289,0.75
842,-0.09888964,0.75
843,-0.09905986,0.75
844,-0.09905986,0.75
845,-0.09905986,0.75
846,-0.09905986,0.75
847,-0.09905986,0.75
848,-0.09905986,0.75
849,-0.1634428,0.75
850,-0.2321532,0.75
851,-0.2888512,0.75
852,-0.3318207,0.75
853,-0.4102971,0.75
854,-0.3914527,0.75
855,0,0
856,0,0
857,-0.109091,0.75
858,0.09327913,0.75
859,0.07795875,0.75
860,-0.02495722,0.75
861,-0.137521,0.75
862,-0.1629693,0.75
863,-0.1799016,0.75
864,-0.2096962,0.75
865,-0.2604002,0.75
866,-0.2520871,0.75
867,-0.2483424,0.75
868,-0.2483424,0.75
869,-0.2103996,0.75
870,-0.1632416,0.75
871,-0.146315,0.75
872,-0.08715632,0.75
873,0.08995809,0.75
874,0,0
875,-0.01038949,0.4467534
876,-0.005194746,0.8
877,-0.05194789,0.8
878,-0.1246752,0.8
879,-0.1246752,0.8
880,-0.1246752,0.8
881,-0.01558402,0.8
882,0.04675336,0.8
883,0.1194807,0.8
884,0.109091,0.8
885,0.1402599,0.8
886,0.2857143,0.8
887,0.3272731,0.8
888,0.2857143,0.8
889,0.1246754,0.8
890,0,0
891,0,0
892,0,0
893,0,0
894,0,0
895,0,0
896,0,0
897,0,0
898,-1,0.8
899,-1,0.8
900,-0.07792205,0.8
901,-0.1909725,0.8
902,-0.2408104,0.8
903,-0.2412923,0.8
904,-0.2412923,0.8
905,-0.2372605,0.8
906,0.08598154,0.8
907,0.2749611,0.8
908,0.2755188,0.8
909,0.2502764,0.8
910,0.2502764,0.8
911,0.2249563,0.8
912,-0.0150294,0.8
913,-0.06955515,0.8
914,-0.06955515,0.8
915,0,0
916,0,0
917,-0.1610389,0.3116883
918,-0.2649351,0.8
919,-0.8155847,0.8
920,-0.9891775,0.8
921,-1,0.8
922,-1,0.8
923,-1,0.8
924,-1,0.8
925,0.03116891,0.2753239
926,-0.06233761,0.8
927,-0.1402597,0.8
928,-0.1714286,0.8
929,-0.1714286,0.8
930,-0.1714286,0.8
931,0.1714286,0.8
932,0.1974027,0.8
933,0.1766238,0.8
934,0.1246754,0.8
935,0.04675336,0.8
936,0.04675336,0.8
937,0.1038962,0.8
938,0.2597404,0.8
939,0.2129874,0.8
940,0,0
941,0,0
942,-0.1922078,0.8
943,-0.9755919,0.8
944,-1,0.8
945,-1,0.8
946,-1,0.8
947,-1,0.8
948,-1,0.8
949,0.04675359,0.774027
950,-0.07228382,0.8
951,-0.04628824,0.8
952,-0.08811954,0.8
953,-0.07272732,0.8
954,-0.07792205,0.8
955,-0.07792205,0.8
956,0.05714285,0.8
957,0.1818183,0.8
958,0.1922078,0.8
959,0.1714286,0.8
960,0.1506494,0.8
961,0.1454546,0.8
962,0.1662338,0.8
963,0.2389611,0.8
964,0.1558441,0.8
965,-0.3428571,0.8
966,-0.9038964,0.8
967,-1,0.8
968,-1,0.8
969,-1,0.8
970,-1,0.8
971,-1,0.8
972,-1,0.8
973,-1,0.8
974,0.04155841,0.8
975,0.005194746,0.8
976,-0.1028541,0.8
977,-0.132427,0.8
978,-0.1422056,0.8
979,-0.1473808,0.8
980,-0.1522759,0.8
981,-0.1280369,0.8
982,0.04490284,0.8
983,0.1702863,0.8
984,0.1806136,0.8
985,0.2005588,0.8
986,0.2551992,0.8
987,0.3382269,0.8
988,0.3424335,0.8
989,0.2379585,0.8
990,0,0
991,0,0
992,-0.322078,0.7220786
993,-1,0.8
994,-1,0.8
995,-1,0.8
996,-1,0.8
997,-1,0.8
998,-0.02597373,0.8
999,-0.09350652,0.8
1000,-0.109091,0.8
1001,-0.07272732,0.8
1002,-0.0207792,0.8
1003,0.2493506,0.8
1004,0.2597406,0.8
1005,0.1142857,0.8
1006,-0.1818183,0.8
1007,-0.2649351,0.8
1008,-0.2649351,0.8
1009,0.4555816,0.8
1010,0.6548764,0.8
1011,0.2698718,0.8
1012,0.6444628,0.8
1013,0.2830407,0.8
1014,-0.1484366,0.8
1015,-0.4623378,0.3324673
1016,-1,0.7584415
1017,-1,0.8
1018,-1,0.8
1019,-1,0.8
1020,-0.3324677,0.8
1021,-0.8259743,0.8
1022,-0.9801793,0.8
1023,-1,0.8
1024,-1,0.8
1025,-1,0.8
1026,-1,0.8
1027,-1,0.8
1028,-0.2181817,0.5662336
1029,-0.1298697,0.8
1030,0.109091,0.8
1031,0.2597404,0.8
1032,1,0.8
1033,1,0.8
1034,0.005194746,0.8
1035,-0.01499977,0.8
1036,-0.01008066,0.8
1037,-0.02024223,0.8
1038,-0.02530248,0.8
1039,-0.03556553,0.8
1040,-0.1659534,0.8
1041,-0.1656106,0.8
1042,-0.09252916,0.8
1043,0.1495253,0.8
1044,0.1759114,0.8
1045,0.2323919,0.8
1046,0.3037495,0.8
1047,0.3542725,0.8
1048,0.3893806,0.8
1049,0.1909726,0.8
1050,0.01968441,0.8
1051,-0.1610393,0.5818182
1052,-1,0.8
1053,-1,0.8
1054,-1,0.8
1055,-1,0.8
1056,-1,0.8
1057,-1,0.8
1058,-0.05714285,0.8
1059,0.01703536,0.8
1060,-0.06858475,0.8
1061,-0.07768268,0.8
1062,-0.09077044,0.8
1063,-0.09092752,0.8
1064,-0.07362478,0.8
1065,0.1330265,0.8
1066,0.1157407,0.8
1067,0.1159469,0.8
1068,0.1114961,0.8
1069,0.1114961,0.8
1070,0.1710783,0.8
1071,0.1851787,0.8
1072,0,0
1073,0,0
1074,-0.5402598,0.7064939
1075,-1,0.8
1076,-1,0.8
1077,-1,0.8
1078,-1,0.8
1079,-1,0.8
1080,-1,0.8
1081,0.01038927,0.8
1082,-0.1220541,0.8
1083,-0.151543,0.8
1084,-0.1420469,0.8
1085,-0.1420469,0.8
1086,-0.1019562,0.8
1087,1.53E-16,0.8
1088,0.08225966,0.8
1089,0.1135192,0.8
1090,0.1604565,0.8
1091,0.2181815,0.8
1092,0.322078,0.8
1093,0.3532464,0.8
1094,0.1748284,0.8
1095,-0.1787866,0.8
1096,0,0
1097,-0.4155845,0.6649354
1098,-1,0.8
1099,-1,0.8
1100,-1,0.8
1101,-1,0.8
1102,-1,0.8
1103,-0.08311682,0.6025984
1104,-0.1818183,0.8
1105,-0.2337662,0.8
1106,-0.2181815,0.8
1107,-0.1402597,0.8
1108,0.03116891,0.8
1109,0.1246756,0.8
1110,0.1558441,0.8
1111,0.1506494,0.8
1112,0.1246756,0.8
1113,0.1246756,0.8
1114,0.1246756,0.8
1115,0.1298702,0.8
1116,0.1298702,0.8
1117,-0.08311682,0.8
1118,0,0
1119,-0.2753248,0.5142858
1120,-0.6753249,0.8
1121,-1,0.8
1122,-1,0.8
1123,-1,0.8
1124,-1,0.8
1125,-1,0.8
1126,-0.1038962,0.8
1127,-0.1268689,0.8
1128,-0.09121714,0.8
1129,-0.07633913,0.8
1130,-0.07633913,0.8
1131,-0.05111412,0.8
1132,0.04123147,0.8
1133,0.06740275,0.8
1134,0.1974026,0.8
1135,0.1922078,0.8
1136,0.1870133,0.8
1137,0.1506494,0.8
1138,0.02597394,0.8
1139,-0.05194811,0.8
1140,-0.322078,0.8
1141,-1,0.8
1142,-1,0.8
1143,-1,0.8
1144,-0.1558441,0.8
1145,-0.05938913,0.8
1146,-0.04463544,0.8
1147,-0.04969203,0.8
1148,-0.04979098,0.8
1149,-0.05476773,0.8
1150,-0.05476773,0.8
1151,-0.04979098,0.8
1152,0.1777571,0.8
1153,0.162588,0.8
1154,0.162588,0.8
1155,0.162588,0.8
1156,0.162588,0.8
1157,0.162588,0.8
1158,0.162588,0.8
1159,0,0
1160,0,0
1161,0.318949,0.8
1162,0.2861723,0.8
1163,0.195576,0.8
1164,-0.2068528,0.8
1165,0.1142862,0.8
1166,0.128543,0.8
1167,-0.03116891,0.8
1168,-0.03116891,0.8
1169,0.09541656,0.8
1170,0.03939958,0.8
1171,0.03939958,0.8
1172,-0.04060846,0.8
1173,-0.2246512,0.8
1174,-0.1693348,0.8
1175,-0.03130347,0.8
1176,0.7207308,0.8
1177,0.7580093,0.8
1178,0.6104128,0.8
1179,0.07572284,0.8
1180,-0.03712472,0.8
1181,-0.0533541,0.8
1182,-0.08517784,0.8
1183,-0.4207793,0.8
1184,-0.8511783,0.8
1185,-0.883956,0.8
1186,-0.9020959,0.8
1187,-0.9061154,0.8
1188,-0.9109984,0.8
1189,-0.9433869,0.8
1190,-0.9518747,0.8
1191,-0.1974026,0.8
1192,-0.3168828,0.8
1193,-0.2025973,0.8
1194,-0.1506489,0.8
1195,-0.005194746,0.8
1196,0.1142862,0.8
1197,0.1506494,0.8
1198,0.1298702,0.8
1199,0.09350652,0.8
1200,0.09350652,0.8
1201,0.09350652,0.8
1202,0.09350652,0.8
1203,0.1662338,0.8
1204,0.1974027,0.8
1205,0.187013,0.8
1206,0,0
1207,-0.1870131,0.8
1208,-0.8034706,0.8
1209,-0.9791918,0.8
1210,-1,0.8
1211,-1,0.8
1212,-1,0.8
1213,-0.2545454,0.8
1214,-0.1268854,0.8
1215,-0.09893209,0.8
1216,-0.06631159,0.8
1217,0.06731594,0.8
1218,0.07176101,0.8
1219,0.06332424,0.8
1220,0.04229517,0.8
1221,0.03813143,0.8
1222,0.1242032,0.8
1223,0.1244161,0.8
1224,0.1113816,0.8
1225,0.1551409,0.8
1226,0.4266824,0.8
1227,0.4181333,0.8
1228,0,0
1229,0,0
1230,-0.6753249,0.8
1231,-1,0.8
1232,-1,0.8
1233,-1,0.8
1234,-1,0.8
1235,-1,0.8
1236,-0.09350653,0.8
1237,-0.008865091,0.8
1238,-0.01795284,0.8
1239,0.01348905,0.8
1240,0.05886059,0.8
1241,0.05443388,0.8
1242,0.04090372,0.8
1243,-0.3610659,0.8
1244,-0.3130501,0.8
1245,-0.06153427,0.8
1246,0.06141822,0.8
1247,0.16035,0.8
1248,0.245027,0.8
1249,-0.1298702,0.8
1250,-0.08109313,0.8
1251,-0.09121714,0.8
1252,-0.1066103,0.8
1253,-0.111904,0.8
1254,-0.1330081,0.8
1255,-0.1330081,0.8
1256,-0.1128213,0.8
1257,1.53E-16,0.8
1258,0.1506494,0.8
1259,0,0.8
1260,0,0.8
1261,-0.9934799,0.8
1262,-1,0.8
1263,-1,0.8
1264,-1,0.8
1265,1.01E-16,0.8
1266,-0.03676065,0.8
1267,-0.2909093,0.8
1268,-0.9506495,0.8
1269,-1,0.8
1270,-1,0.8
1271,-1,0.8
1272,-1,0.8
1273,-0.05194833,0.8
1274,0.02465335,0.8
1275,-0.05938954,0.8
1276,-0.0595073,0.8
1277,-0.04959368,0.8
1278,-0.04959368,0.8
1279,-0.04959368,0.8
1280,-0.04959368,0.8
1281,-0.02981924,0.8
1282,0.141759,0.8
1283,0.1521562,0.8
1284,0.1524649,0.8
1285,0.2743739,0.8
1286,0.3740256,0.8
1287,0.1506489,0.8
1288,-0.07780139,0.8
1289,-0.1958254,0.8
1290,-0.3079811,0.8
1291,-0.4155845,0.8
1292,-1,0.8
1293,-1,0.8
1294,-1,0.8
1295,-1,0.8
1296,-1,0.8
1297,-1,0.8
1298,-0.0207792,0.8
1299,-0.01558445,0.8
1300,-0.1255666,0.8
1301,-0.08732534,0.8
1302,-0.09217029,0.8
1303,-0.07793473,0.8
1304,-0.05857761,0.8
1305,-0.03921083,0.8
1306,0.1151086,0.8
1307,0.1456276,0.8
1308,0.1921283,0.8
1309,0.2558513,0.8
1310,0.2772057,0.8
1311,0.3426476,0.8
1312,0.2185479,0.8
1313,0.00476224,0.8
1314,0,0
1315,0,0
1316,-0.08311659,0.2285714
1317,-0.8519481,0.8
1318,-1,0.8
1319,-1,0.8
1320,-1,0.8
1321,-1,0.8
1322,-1,0.8
1323,-0.05714285,0.8
1324,-0.02650016,0.8
1325,-0.06181821,0.8
1326,-0.06192755,0.8
1327,-0.06192755,0.8
1328,-0.06203729,0.8
1329,-0.06203729,0.8
1330,-0.0576087,0.8
1331,0.2478504,0.8
1332,0.2433046,0.8
1333,0.2346345,0.8
1334,0.202658,0.8
1335,0.2801787,0.8
1336,0,0.8
1337,0,0
1338,0,0
1339,-0.2523865,0.8
1340,-0.3532467,0.8
1341,-0.92987,0.8
1342,-1,0.8
1343,-1,0.8
1344,-1,0.8
1345,-1,0.8
1346,-1,0.8
1347,-0.9888129,0.8
1348,-0.1610393,0.8
1349,-0.07792251,0.8
1350,-0.1402601,0.8
1351,-0.1454548,0.8
1352,-0.1454548,0.8
1353,-0.1402601,0.8
1354,0.02597373,0.8
1355,0.2181815,0.8
1356,0.2181815,0.8
1357,0.2233763,0.8
1358,0.2285714,0.8
1359,0.2077918,0.8
1360,0.2077918,0.8
1361,0.07792205,0.8
1362,-0.3135427,0.8
1363,0,0
1364,0,0
1365,-0.4207793,0.7428572
1366,-0.8883118,0.8
1367,-1,0.8
1368,-0.9982325,0.8
1369,-0.999788,0.8
1370,-0.9980372,0.8
1371,-0.07272732,0.6597407
1372,-0.05599409,0.8
1373,-0.150934,0.8
1374,-0.1609557,0.8
1375,-0.150934,0.8
1376,-0.1459202,0.8
1377,-0.05610831,0.8
1378,0.07243359,0.8
1379,0.124585,0.8
1380,0.2753246,0.8
1381,0.664935,0.8
1382,0.5558441,0.8
1383,0.07153556,0.8
1384,-0.09452702,0.8
1385,-0.1706537,0.8
1386,0,0
1387,0,0
1388,-0.247534,0.8
1389,-0.4311689,0.8
1390,-1,0.8
1391,-1,0.8
1392,-1,0.8
1393,-1,0.8
1394,-1,0.8
1395,0,0
1396,0,0
1397,-1,0.8
1398,-1,0.8
1399,-1,0.8
1400,-1,0.8
1401,-1,0.8
1402,-1,0.8
1403,-1,0.8
1404,-1,0.8
1405,-1,0.8
1406,0.05194833,0.8
1407,0.05714286,0.8
1408,-0.005194528,0.8
1409,-0.03116891,0.8
1410,-0.1246754,0.8
1411,-0.233766,0.8
1412,-0.212987,0.8
1413,-0.1298702,0.8
1414,-0.1298702,0.8
1415,0.4519484,0.8
1416,0.6441559,0.8
1417,-0.2909095,0.612987
1418,-1,0.8
1419,-1,0.8
1420,-1,0.8
1421,-1,0.8
1422,0.03636366,0.7532468
1423,-0.08650631,0.8
1424,-0.04638389,0.8
1425,-0.03615327,0.8
1426,-0.03615327,0.8
1427,-0.03615327,0.8
1428,-0.03615327,0.8
1429,0.05714285,0.8
1430,0.2181818,0.8
1431,0.187013,0.8
1432,0.1506494,0.8
1433,0.1766233,0.8
1434,0.2493506,0.8
1435,-0.04834691,0.8
1436,-0.1365882,0.8
1437,-0.177454,0.8
1438,-0.5246757,0.4623374
1439,-1,0.8
1440,-1,0.8
1441,-1,0.8
1442,-1,0.8
1443,-1,0.8
1444,-0.04675359,0.8
1445,-0.03116913,0.8
1446,-0.07792251,0.8
1447,-0.1246756,0.8
1448,-0.1298704,0.8
1449,-0.1298704,0.8
1450,-0.04155884,0.8
1451,0.06753213,0.8
1452,0.06233739,0.8
1453,0.2233763,0.8
1454,0.3636364,0.8
1455,0.3480517,0.8
1456,-0.2142096,0.8
1457,-0.3335304,0.8
1458,-0.3322752,0.8
1459,-0.3495851,0.8
1460,-0.08831177,0.8
1461,-0.1350649,0.8
1462,-0.2182867,0.8
1463,-0.2520552,0.8
1464,-0.2629564,0.8
1465,-0.2587191,0.8
1466,-0.03913412,0.8
1467,0.1924964,0.8
1468,0.2826079,0.8
1469,0.3291028,0.8
1470,0.3535533,0.8
1471,0.3591394,0.8
1472,0.1891453,0.8
1473,-0.1710783,0.8
1474,-0.343921,0.8
1475,-0.3844155,0.6493509
1476,-1,0.8
1477,-1,0.8
1478,-1,0.8
1479,-1,0.8
1480,-1,0.8
1481,-1,0.8
1482,0.1974023,0.8
1483,0.8726829,0.8
1484,0.9465819,0.8
1485,0.9740997,0.8
1486,-0.01558467,0.8
1487,-0.181606,0.8
1488,-0.1669497,0.8
1489,-0.301299,0.8
1490,0.005194529,0.1246756
1491,-0.09608311,0.8
1492,-0.1482066,0.8
1493,-0.04309735,0.8
1494,-0.04309735,0.8
1495,0.3208538,0.8
1496,0.5646585,0.8
1497,0.5657408,0.8
1498,0.2531826,0.8
1499,-0.251105,0.8
1500,-0.2599894,0.8
1501,-0.3152992,0.8
1502,-0.3920636,0.8
1503,-0.4741877,0.8
1504,-0.6849566,0.8
1505,-0.02597417,0.8
1506,0.3064935,0.8
1507,0.6388719,0.8
1508,0.8132883,0.8
1509,-0.05714285,0.3064933
1510,-0.1468051,0.8
1511,-0.1549304,0.8
1512,-0.1551829,0.8
1513,-0.1232054,0.8
1514,0.09942387,0.8
1515,0.1695922,0.8
1516,0.2270839,0.8
1517,0.2147919,0.8
1518,0.2065879,0.8
1519,0.06480814,0.8
1520,-0.06357238,0.8
1521,0,0
1522,0,0
1523,-0.4571428,0.7792215
1524,-0.9038961,0.8
1525,-1,0.8
1526,-1,0.8
1527,-1,0.8
1528,-1,0.8
1529,-0.06233805,0.405195
1530,-0.1397071,0.8
1531,-0.1394226,0.8
1532,-0.1309232,0.8
1533,0.04999,0.8
1534,0.2983978,0.8
1535,0.4349747,0.8
1536,0.4306242,0.8
1537,-0.08162617,0.8
1538,-0.4894026,0.8
1539,-0.8159945,0.8
1540,-0.9502266,0.8
1541,-0.9542269,0.8
1542,0.1974026,0.1714286
1543,1,0.8
1544,1,0.8
1545,1,0.8
1546,1,0.8
1547,-0.316883,0.8
1548,-0.04251054,0.8
1549,-0.0471614,0.8
1550,-0.04724241,0.8
1551,-0.03447943,0.8
1552,-0.04309672,0.8
1553,0.0829965,0.8
1554,0.1850038,0.8
1555,0.1850038,0.8
1556,0.1897169,0.8
1557,0.1318588,0.8
1558,0.1228742,0.8
1559,0.1630794,0.8
1560,0.1853294,0.8
1561,0,0
1562,0,0
1563,-0.2181815,0.4779227
1564,-0.9870131,0.8
1565,-1,0.8
1566,-1,0.8
1567,-1,0.8
1568,-1,0.8
1569,-0.1038962,0.4623378
1570,-0.0897089,0.8
1571,-0.1755584,0.8
1572,-0.1710783,0.8
1573,-0.1710783,0.8
1574,-0.1534171,0.8
1575,0.4037214,0.8
1576,0.3774415,0.8
1577,0.3327656,0.8
1578,-0.2799189,0.8
1579,-0.363237,0.8
1580,-0.3111506,0.8
1581,0.785757,0.8
1582,0.8347655,0.8
1583,0,0
1584,0,0
1585,0,0
1586,-0.3688313,0.8
1587,-1,0.8
1588,-1,0.8
1589,-1,0.8
1590,-1,0.8
1591,-1,0.8
1592,-0.1662338,0.8
1593,-0.06664299,0.8
1594,-0.1857052,0.8
1595,-0.1857052,0.8
1596,-0.1764675,0.8
1597,-0.1260076,0.8
1598,0.04293249,0.8
1599,0.1490598,0.8
1600,0.2516337,0.8
1601,0.2760786,0.8
1602,0.4094164,0.8
1603,0.3753798,0.8
1604,0.2557935,0.8
1605,-0.08553541,0.8
1606,-0.2014518,0.8
1607,-0.2816995,0.8
1608,-0.5974025,0.1194798
1609,-1,0.09870125
1610,-1,0.08311682
1611,-1,0.07792184
1612,-0.2753246,0.8
1613,-0.8467532,0.8
1614,-1,0.8
1615,-1,0.8
1616,-1,0.8
1617,-1,0.8
1618,-0.04675359,0.8
1619,-0.1309392,0.8
1620,-0.1131244,0.8
1621,-0.1133214,0.8
1622,-0.1046206,0.8
1623,-0.1048032,0.8
1624,0.1283765,0.8
1625,0.3801427,0.8
1626,0.3758229,0.8
1627,0.1031435,0.8
1628,-0.1651131,0.8
1629,-0.1191228,0.8
1630,0.1432425,0.8
1631,0,0.8
1632,-0.311688,0.4571428
1633,-1,0.8
1634,-1,0.8
1635,-1,0.8
1636,-1,0.8
1637,0,0
1638,-0.1714286,0.8
1639,-0.2558696,0.8
1640,-0.3045735,0.8
1641,-0.2967991,0.8
1642,-0.2214492,0.8
1643,0.06455416,0.8
1644,0.1200094,0.8
1645,0.1384195,0.8
1646,0.1614001,0.8
1647,0.2942369,0.8
1648,0.4648481,0.8
1649,0.491165,0.8
1650,0.03412648,0.8
1651,-0.2918712,0.8
1652,-0.3502472,0.8
1653,0,0.8
1654,0,0
1655,0,0
1656,0,0
1657,0,0
1658,-0.4207793,0.8
1659,-1,0.8
1660,-1,0.8
1661,-1,0.8
1662,-1,0.8
1663,-1,0.8
1664,-1,0.8
1665,-0.02597394,0.8
1666,-0.2394438,0.8
1667,-0.2177011,0.8
1668,-0.1662974,0.8
1669,0.1025922,0.8
1670,0.1428788,0.8
1671,0.1295217,0.8
1672,0.1074276,0.8
1673,0.09418803,0.8
1674,0.09435721,0.8
1675,0.1035149,0.8
1676,0.1534175,0.8
1677,0.1309232,0.8
1678,0.1129046,0.8
1679,0.1129046,0.8
1680,0,0
1681,0,0
1682,-0.1974026,0.4987013
1683,-1,0.8
1684,-1,0.8
1685,-1,0.8
1686,-1,0.8
1687,-1,0.8
1688,3.59E-17,0.5870127
1689,-0.296104,0.8
1690,-0.1179381,0.8
1691,-0.1027938,0.8
1692,0.1389601,0.8
1693,0.1799444,0.8
1694,0.1186677,0.8
1695,0.04148803,0.8
1696,-0.1558441,0.8
1697,-0.09867561,0.8
1698,0.05142972,0.8
1699,0.1999747,0.8
1700,0.2304955,0.8
1701,0.2766415,0.8
1702,0.2411386,0.8
1703,0.1553218,0.8
1704,0,0
1705,0,0
1706,0,0
1707,-0.5298702,0.8
1708,-1,0.8
1709,-1,0.8
1710,-1,0.8
1711,-1,0.8
1712,-1,0.8
1713,-1,0.8
1714,-1,0.8
1715,-0.08311682,0.5610392
1716,-0.124675,0.8
1717,-0.1940845,0.8
1718,-0.1435003,0.8
1719,-0.13896,0.8
1720,-0.13896,0.8
1721,1.53E-16,0.8
1722,0.1350649,0.8
1723,0.1818185,0.8
1724,0.01000023,0.8
1725,0,0
1726,-0.2753246,0.7012987
1727,-0.06753235,0.6077921
1728,0.1662338,0.8
1729,0.03853145,0.8
1730,1.53E-16,0.8
1731,-0.07222418,0.8
1732,-0.2340917,0.8
1733,-0.2435572,0.8
1734,-0.1818585,0.8
1735,-0.1437158,0.8
1736,-0.2246154,0.8
1737,-0.2435572,0.8
1738,-0.2860174,0.8
1739,-0.3422368,0.8
1740,-0.4301478,0.8
1741,-0.4695061,0.8
1742,-0.4740332,0.8
1743,-0.4125006,0.8
1744,-0.1829937,0.8
1745,0.05822802,0.8
1746,0.1465447,0.8
1747,0,0
1748,0,0
1749,0,0
1750,-0.4396255,0.8
1751,-0.1350653,0.8
1752,0.1519618,0.8
1753,0.08780522,0.8
1754,0.04392293,0.8
1755,-0.1142857,0.8
1756,0.2302771,0.8
1757,0.2381465,0.8
1758,0.282185,0.8
1759,0.2042985,0.8
1760,-0.4143909,0.8
1761,-0.6763834,0.8
1762,-0.743582,0.8
1763,-0.7498861,0.8
1764,-0.4799424,0.8
1765,-0.004187726,0.8
1766,0.1005895,0.8
1767,0.08314856,0.8
1768,-0.2738686,0.8
1769,-0.4398882,0.8
1770,-0.4398882,0.8
1771,-0.4392028,0.8
1772,0,0
1773,-0.2207519,0.8
1774,-0.1194805,0.8
1775,-0.1093839,0.8
1776,-0.1097838,0.8
1777,-0.1145585,0.8
1778,-0.1145585,0.8
1779,-0.1145585,0.8
1780,-0.1147686,0.8
1781,-0.1605134,0.8
1782,-0.3586372,0.8
1783,-0.5207299,0.8
1784,-0.03636366,0.3948051
1785,-0.01038971,0.75
1786,-0.02597417,0.75
1787,-0.03116891,0.75
1788,-0.05714285,0.75
1789,-0.3370991,0.75
1790,-0.3414212,0.75
1791,-0.3357399,0.75
1792,-0.3194454,0.75
1793,-0.3393653,0.75
1794,-0.4289916,0.75
1795,-0.078811,0.75
1796,0,0
1797,0,0
1798,0.03636366,0.5870131
1799,0.9242145,0.75
1800,1,0.75
1801,1,0.75
1802,0.2077923,0.75
1803,0.3174466,0.75
1804,0.3004144,0.75
1805,0.1255397,0.75
1806,-0.1029089,0.75
1807,0.06753213,0.75
1808,0.08311659,0.75
1809,-0.02597438,0.75
1810,-0.1298704,0.75
1811,-0.2337666,0.75
1812,-0.2337666,0.75
1813,-0.2493511,0.75
1814,-0.2961042,0.75
1815,-0.4207797,0.75
1816,-0.4831173,0.75
1817,-0.5090913,0.75
1818,0,0
1819,0,0
1820,0.2284853,0.75
1821,0.1350656,0.4571429
1822,0.5194808,0.75
1823,0.6285715,0.75
1824,0.805195,0.75
1825,0.805195,0.75
1826,0.01558445,0.75
1827,-0.03116847,0.75
1828,-0.321385,0.75
1829,-0.3264,0.75
1830,-0.3220366,0.75
1831,-0.05714285,0.3272741
1832,-0.3064939,0.75
1833,-0.2129874,0.75
1834,-0.2181822,0.75
1835,-0.0675328,0.75
1836,-0.05194811,0.5818182
1837,-0.2701299,0.75
1838,-0.3324675,0.75
1839,-0.4207793,0.75
1840,-0.2025975,0.75
1841,-0.04675314,0.75
1842,-0.04675314,0.75
1843,-0.1922078,0.75
1844,-0.509091,0.75
1845,-0.6649352,0.75
1846,-0.6857142,0.75
1847,0.7844158,0.75
1848,0.01558445,0.6805202
1849,-0.1610389,0.75
1850,-0.1610389,0.75
1851,-0.1610389,0.75
1852,-0.1610389,0.75
1853,-0.1610389,0.75
1854,-0.1506494,0.75
1855,-0.187013,0.75
1856,-0.4027283,0.75
1857,-0.5104852,0.75
1858,-0.4150513,0.75
1859,-0.1676462,0.75
1860,0.01524366,0.75
1861,0,0
1862,0,0
1863,-0.03636366,0.75
1864,-0.06753258,0.75
1865,-0.005194528,0.75
1866,0.005194746,0.75
1867,-0.05714285,0.75
1868,-0.2805196,0.75
1869,-0.440373,0.75
1870,-0.4335796,0.75
1871,-0.4068215,0.75
1872,-0.0772826,0.75
1873,1.53E-16,0.75
1874,-0.2054878,0.75
1875,-0.50668,0.75
1876,-0.613319,0.75
1877,-0.627234,0.75
1878,0.03141584,0.75
1879,0,0
1880,0,0
1881,0,0
1882,0,0
1883,0.2285714,0.75
1884,-0.3324677,0.6753249
1885,0.1298702,0.75
1886,1,0.75
1887,1,0.75
1888,-0.1402594,0.75
1889,-0.04797585,0.75
1890,-0.06741286,0.75
1891,-0.06741286,0.75
1892,-0.06284287,0.75
1893,-0.09663958,0.75
1894,-0.4025471,0.75
1895,-0.4513502,0.75
1896,-0.4513502,0.75
1897,-0.4208519,0.75
1898,-0.4155394,0.75
1899,0,0.75
1900,0.0183481,0.75
1901,0,0
1902,0,0
1903,0.07822254,0.75
1904,-0.7025237,0.75
1905,-0.01558467,0.75
1906,-0.04155884,0.75
1907,-0.05714285,0.75
1908,-0.06233805,0.75
1909,-0.08311725,0.75
1910,-0.1194809,0.75
1911,-0.322078,0.75
1912,-0.4207797,0.75
1913,-0.5374473,0.75
1914,-0.5412447,0.75
1915,-0.4844663,0.75
1916,-0.2335059,0.75
1917,0.2587185,0.75
1918,0,0
1919,0,0
1920,-0.2531564,0.75
1921,-0.05714285,0.4155841
1922,-0.02561312,0.75
1923,-0.04155841,0.75
1924,-0.04155841,0.75
1925,-0.06233761,0.75
1926,-0.3056966,0.75
1927,-0.3831737,0.75
1928,-0.3824116,0.75
1929,-0.3570732,0.75
1930,0.1135192,0.75
1931,0.06209258,0.75
1932,-0.2157278,0.75
1933,-0.4902905,0.75
1934,-0.5540528,0.75
1935,-0.5749052,0.75
1936,0.2337662,0.75
1937,0.9038961,0.75
1938,0.9298705,0.75
1939,0.9974034,0.75
1940,0.02597417,0.75
1941,-0.01558424,0.75
1942,-0.12987,0.75
1943,-0.1558441,0.75
1944,-0.3480519,0.75
1945,-0.3532465,0.75
1946,-0.3272726,0.75
1947,-0.07272711,0.75
1948,-0.01038949,0.75
1949,-0.09350607,0.75
1950,-0.2493506,0.75
1951,-0.3119748,0.75
1952,-0.3979224,0.75
1953,0,0
1954,0,0
1955,0.3573047,0.75
1956,-0.05714285,0.5506496
1957,-0.1506494,0.75
1958,-0.103896,0.75
1959,-0.1142857,0.75
1960,-0.1142857,0.75
1961,-0.1142857,0.75
1962,-0.1194805,0.75
1963,-0.4415585,0.75
1964,-0.6181817,0.75
1965,-0.524675,0.75
1966,-0.2025973,0.75
1967,-0.1506494,0.75
1968,-0.2025973,0.75
1969,-0.1870126,0.75
1970,0,0
1971,0,0
1972,-0.1484364,0.75
1973,0.01038949,0.75
1974,-0.1350647,0.75
1975,-0.1142857,0.75
1976,-0.1038962,0.75
1977,-0.1038962,0.75
1978,-0.09870106,0.75
1979,-0.1922076,0.75
1980,-0.2902986,0.75
1981,-0.4101662,0.75
1982,-0.4863926,0.75
1983,-0.3570737,0.75
1984,-0.0345135,0.75
1985,-0.01473456,0.75
1986,0,0
1987,0,0
1988,-0.1068542,0.75
1989,-0.09870125,0.5558455
1990,-0.2441554,0.75
1991,-0.2441554,0.75
1992,-0.2441554,0.75
1993,-0.2389609,0.75
1994,-0.09870125,0.75
1995,-0.005194746,0.75
1996,-0.04155841,0.75
1997,-0.04675315,0.75
1998,-0.2999014,0.75
1999,-0.2999014,0.75
2000,-0.4308318,0.75
2001,-0.5031855,0.75
2002,0,0
2003,0,0
2004,0.01038971,0.75
2005,0.02597417,0.75
2006,-0.0207792,0.75
2007,-0.01558402,0.75
2008,-0.01038949,0.75
2009,-0.01558402,0.75
2010,-0.3737752,0.75
2011,-0.4856201,0.75
2012,-0.4837762,0.75
2013,-0.4837762,0.75
2014,-0.4726551,0.75
2015,-0.3602772,0.75
2016,-0.2692183,0.75
2017,0.1487744,0.75
2018,0,0
2019,0,0
2020,0.03636322,0.75
2021,-0.166234,0.75
2022,0,0
2023,0,0.75
2024,-0.1038964,0.75
2025,-0.09870171,0.75
2026,-0.1402601,0.75
2027,-0.166234,0.75
2028,-0.4151018,0.75
2029,-0.3995122,0.75
2030,-0.3880951,0.75
2031,-0.3767457,0.75
2032,-0.4109979,0.75
2033,0,0
2034,0,0
2035,0.01493959,0.75
2036,0.05714285,0.420779
2037,-0.1090905,0.75
2038,-0.09870125,0.75
2039,-0.07792205,0.75
2040,-0.07272732,0.75
2041,-0.07272732,0.75
2042,-0.2337662,0.75
2043,-0.4103895,0.75
2044,-0.4103895,0.75
2045,-0.3740256,0.75
2046,-0.05194768,0.75
2047,-0.05714285,0.75
2048,-0.3740256,0.75
2049,-0.4363636,0.75
2050,0,0
2051,0,0
2052,-0.109091,0.75
2053,0.07126379,0.75
2054,0.00956025,0.75
2055,-0.01915652,0.75
2056,-0.1859084,0.75
2057,-0.4451939,0.75
2058,-0.4399522,0.75
2059,-0.2947752,0.75
2060,-0.1731293,0.75
2061,-0.1827802,0.75
2062,-0.1827802,0.75
2063,-0.3951492,0.75
2064,-0.3578829,0.75
2065,0,0
2066,0.1060991,0.75
2067,-0.01558445,0.75
2068,-0.04675315,0.75
2069,-0.08831132,0.75
2070,-0.08831132,0.75
2071,-0.08311682,0.75
2072,-0.212987,0.75
2073,-0.3584416,0.75
2074,-0.3740261,0.75
2075,-0.01558445,0.75
2076,0.0341099,0.75
2077,0.01459123,0.75
2078,-0.01949257,0.75
2079,-0.2459494,0.75
2080,-0.3581106,0.75
2081,-0.5188914,0.75
2082,-0.5222853,0.75
2083,-0.5014791,0.75
2084,-0.3034941,0.75
2085,-0.0720419,0.75
2086,-0.07654076,0.75
2087,-0.04053493,0.75
2088,0,0
2089,0,0
2090,-0.1038962,0.75
2091,-0.1454546,0.75
2092,-0.1610391,0.75
2093,-0.1662338,0.75
2094,-0.1662338,0.75
2095,-0.1662338,0.75
2096,-0.1610391,0.75
2097,-0.1922078,0.75
2098,-0.4998032,0.75
2099,-0.5298522,0.75
2100,-0.5147793,0.75
2101,-0.3432528,0.75
2102,0,0
2103,0,0
2104,0.4252586,0.75
2105,-0.09350673,0.75
2106,-0.04675359,0.75
2107,-0.04675359,0.75
2108,-0.04675359,0.75
2109,-0.04675359,0.75
2110,-0.088312,0.75
2111,-0.2493511,0.75
2112,-0.5298704,0.75
2113,-0.6123407,0.75
2114,-0.5647265,0.75
2115,0.01499935,0.75
2116,0.1094567,0.75
2117,0.08958388,0.75
2118,0,0
2119,-0.5575507,0.75
2120,-0.1610393,0.75
2121,-0.04472475,0.75
2122,-0.08444509,0.75
2123,-0.08444509,0.75
2124,-0.08444509,0.75
2125,-0.08444509,0.75
2126,-0.2654805,0.75
2127,-0.3294711,0.75
2128,-0.4224096,0.75
2129,-0.5117432,0.75
2130,-0.4769264,0.75
2131,-0.01792066,0.75
2132,0,0
2133,0,0
2134,-0.1194805,0.75
2135,0.04930012,0.75
2136,-0.04901023,0.75
2137,-0.04910648,0.75
2138,-0.1179787,0.75
2139,-0.4206325,0.75
2140,-0.416188,0.75
2141,-0.3976499,0.75
2142,-0.1077795,0.75
2143,-0.1079818,0.75
2144,-0.2213494,0.75
2145,-0.2636045,0.75
2146,-0.4289127,0.75
2147,-0.4877548,0.75
2148,0.2086709,0.75
2149,0.0207792,0.75
2150,-0.06753213,0.75
2151,-0.09350652,0.75
2152,-0.103896,0.75
2153,-0.3317674,0.75
2154,-0.3549941,0.75
2155,-0.3088198,0.75
2156,-0.1662338,0.75
2157,-0.1714286,0.75
2158,-0.1714286,0.75
2159,-0.2783417,0.75
2160,-0.3307428,0.75
2161,-0.3076043,0.75
2162,0,0
2163,0.3124533,0.75
2164,2.61E-17,0.4259745
2165,-0.1090912,0.75
2166,-0.088312,0.75
2167,-0.09870171,0.75
2168,-0.3579103,0.75
2169,-0.1402601,0.75
2170,0.1142857,0.75
2171,-0.1454548,0.6909094
2172,-0.1402601,0.75
2173,-0.1090912,0.75
2174,-0.1038964,0.75
2175,-0.1038964,0.75
2176,0.1090905,0.75
2177,0.1506494,0.75
2178,0.1402594,0.75
2179,-0.5690737,0.75
2180,-0.6981797,0.75
2181,-0.7310803,0.75
2182,-0.7404749,0.75
2183,-0.7518346,0.75
2184,-0.2860884,0.75
2185,0.6515927,0.75
2186,0,0
2187,0,0
2188,0,0
2189,0,0
2190,0,0
2191,0,0
2192,1,0.75
2193,-0.04675314,0.75
2194,0.02332,0.75
2195,0.01412411,0.75
2196,0.01893923,0.75
2197,0.01893923,0.75
2198,-0.3349166,0.75
2199,-0.3955081,0.75
2200,-0.3859422,0.75
2201,-0.3770701,0.75
2202,-0.3184847,0.75
2203,-0.3184847,0.75
2204,0.0863125,0.75
2205,0,0.75
2206,0,0
2207,0,0
2208,-0.3823051,0.75
2209,-0.0207792,0.75
2210,-0.1205163,0.75
2211,-0.08835364,0.75
2212,-0.06420836,0.75
2213,-0.02485001,0.75
2214,0.04553869,0.75
2215,0.05069914,0.75
2216,-0.320688,0.75
2217,-0.4601659,0.75
2218,-0.4468085,0.75
2219,-0.4065022,0.75
2220,-0.4289371,0.75
2221,-0.3451754,0.75
2222,-0.1800867,0.75
2223,0,0
2224,0,0
2225,0.004646584,0.75
2226,0.03636366,0.75
2227,0.01026652,0.75
2228,0.01552726,0.75
2229,0.01552726,0.75
2230,-0.005176348,0.75
2231,-0.05714285,0.75
2232,-0.0675328,0.75
2233,-0.2088789,0.75
2234,-0.4911989,0.75
2235,-0.5423262,0.75
2236,-0.5635094,0.75
2237,-0.5604573,0.75
2238,-0.5638366,0.75
2239,-0.3163852,0.75
2240,-0.08906199,0.75
2241,-0.06095776,0.75
2242,0,0
2243,0,0
2244,0,0
2245,0.1478556,0.75
2246,0.7636352,0.75
2247,-0.03116869,0.75
2248,0.08831177,0.75
2249,0.03116891,0.75
2250,0.0207792,0.75
2251,-0.3317262,0.75
2252,-0.5668989,0.75
2253,-0.561471,0.75
2254,-0.4542171,0.75
2255,-0.08328694,0.75
2256,-0.1077429,0.75
2257,-0.1791499,0.75
2258,-0.2068173,0.75
2259,-0.3856622,0.75
2260,-0.5362246,0.75
2261,-0.504757,0.75
2262,0,0
2263,0,0
2264,0.1142857,0.75
2265,0.3428571,0.75
2266,0.2753246,0.75
2267,0.2233765,0.75
2268,-0.03116869,0.75
2269,-0.1142857,0.75
2270,-0.06753235,0.75
2271,-0.06233761,0.75
2272,-0.05714285,0.75
2273,-0.07792205,0.75
2274,-0.3781963,0.75
2275,-0.3816932,0.75
2276,-0.2879261,0.75
2277,-0.03607873,0.75
2278,-0.08225986,0.75
2279,-0.2966928,0.75
2280,-0.4755027,0.75
2281,0,0
2282,0,0
2283,-0.02597417,0.275324
2284,-0.01038971,0.75
2285,-0.06753258,0.75
2286,-0.07272732,0.75
2287,-0.07792205,0.75
2288,-0.1766231,0.75
2289,-0.3486016,0.75
2290,-0.4158718,0.75
2291,-0.4231001,0.75
2292,-0.3340011,0.75
2293,-0.3235608,0.75
2294,-0.2863729,0.75
2295,-0.04949532,0.75
2296,-0.04949532,0.75
2297,0,0
2298,0,0
2299,0.225915,0.75
2300,-0.005194528,0.8
2301,-0.004424537,0.8
2302,1.53E-16,0.8
2303,1.53E-16,0.8
2304,-0.004448153,0.8
2305,-0.4508871,0.8
2306,-0.6128919,0.8
2307,-0.6268547,0.8
2308,-0.05181141,0.8
2309,0,0
2310,-0.05510476,0.8
2311,0.1621962,0.8
2312,-0.1610389,0.8
2313,-0.06980514,0.8
2314,-0.0982387,0.8
2315,-0.09356724,0.8
2316,-0.09374252,0.8
